step,net,cls,kind,frm,to,wire,length_mm,note
1,VM,VM,bus bar,"hole (3,7)","hole (23,7)",bare tinned 22 AWG solid,61,"leads sitting on this bus, solder them to it: C1.+, C2.1, U2.IN"
2,+5V,5V,bus bar,"hole (25,7)","hole (36,7)",bare tinned 22 AWG solid,38,"leads sitting on this bus, solder them to it: U2.OUT, C3.+, C4.1"
3,GND,GND,bus bar,"hole (36,9)","hole (2,9)",bare tinned 22 AWG solid,96,"leads sitting on this bus, solder them to it: C1.-, C2.2, C3.-, C4.2"
4,GND,GND,bus bar,"hole (2,9)","hole (2,40)",bare tinned 22 AWG solid,89,
5,GND,GND,bus bar,"hole (2,40)","hole (36,40)",bare tinned 22 AWG solid,96,
6,+3V3,3V3,bus bar,"hole (14,12)","hole (26,12)",bare tinned 22 AWG solid,40,"leads sitting on this bus, solder them to it: C5.+"
7,+3V3,3V3,bus bar,"hole (26,12)","hole (26,33)",bare tinned 22 AWG solid,63,
8,+3V3,3V3,bus bar,"hole (26,33)","hole (4,33)",bare tinned 22 AWG solid,66,
9,GND,GND,tap to bus,"J1.- (5,4)","GND bus at (5,9)","hookup 22 AWG solid, black",25,
10,GND,GND,tap to bus,"U2.GND (24,7)","GND bus at (24,9)","hookup 22 AWG solid, black",17,
11,GND,GND,tap to bus,"D2.A (19,8)","GND bus at (19,9)","hookup 22 AWG solid, black",15,
12,GND,GND,tap to bus,"U3.GND (21,10)","GND bus at (21,9)","hookup 22 AWG solid, black",15,
13,GND,GND,tap to bus,"C5.- (26,11)","GND bus at (26,9)","hookup 22 AWG solid, black",17,
14,GND,GND,tap to bus,"R35.2 (31,11)","GND bus at (31,9)","hookup 22 AWG solid, black",17,
15,GND,GND,tap to bus,"R37.2 (37,11)","GND bus at (36,9)","hookup 22 AWG solid, black",20,
16,GND,GND,tap to bus,"R5.2 (11,12)","GND bus at (11,9)","hookup 22 AWG solid, black",20,
17,GND,GND,tap to bus,"SW2.1b (16,13)","GND bus at (16,9)","hookup 22 AWG solid, black",22,
18,GND,GND,tap to bus,"SW2.2b (17,13)","GND bus at (17,9)","hookup 22 AWG solid, black",22,
19,GND,GND,tap to bus,"SW2.3b (18,13)","GND bus at (18,9)","hookup 22 AWG solid, black",22,
20,GND,GND,tap to bus,"SW2.4b (19,13)","GND bus at (19,9)","hookup 22 AWG solid, black",22,
21,GND,GND,tap to bus,"C13.1 (10,14)","GND bus at (10,9)","hookup 22 AWG solid, black",25,
22,GND,GND,tap to bus,"C12.2 (13,14)","GND bus at (13,9)","hookup 22 AWG solid, black",25,
23,GND,GND,tap to bus,"U14.GND (30,14)","GND bus at (30,9)","hookup 22 AWG solid, black",25,
24,GND,GND,tap to bus,"U15.GND (36,14)","GND bus at (36,9)","hookup 22 AWG solid, black",25,
25,GND,GND,tap to bus,"SW1.B1 (5,15)","GND bus at (2,15)","hookup 22 AWG solid, black",20,
26,GND,GND,tap to bus,"C14.1 (7,16)","GND bus at (2,16)","hookup 22 AWG solid, black",25,
27,GND,GND,tap to bus,"C9.1 (18,17)","GND bus at (18,9)","hookup 22 AWG solid, black",32,
28,GND,GND,tap to bus,"U1.VSS (17,19)","GND bus at (17,9)","hookup 22 AWG solid, black",37,
29,GND,GND,tap to bus,"C11.1 (3,21)","GND bus at (2,21)","hookup 22 AWG solid, black",15,
30,GND,GND,tap to bus,"R6.2 (22,22)","GND bus at (22,9)","hookup 22 AWG solid, black",45,
31,GND,GND,tap to bus,"U1.VSSA (4,24)","GND bus at (2,24)","hookup 22 AWG solid, black",17,
32,GND,GND,tap to bus,"C7.1 (3,25)","GND bus at (2,25)","hookup 22 AWG solid, black",15,
33,GND,GND,tap to bus,"U1.VSS (4,28)","GND bus at (2,28)","hookup 22 AWG solid, black",17,
34,GND,GND,tap to bus,"U1.VSS (15,30)","GND bus at (15,40)","hookup 22 AWG solid, black",37,
35,GND,GND,tap to bus,"C8.1 (15,31)","GND bus at (15,40)","hookup 22 AWG solid, black",35,
36,GND,GND,tap to bus,"J4.GND (19,31)","GND bus at (19,40)","hookup 22 AWG solid, black",35,
37,GND,GND,tap to bus,"J8.GND (8,32)","GND bus at (2,32)","hookup 22 AWG solid, black",27,
38,GND,GND,tap to bus,"J5.GND (20,32)","GND bus at (20,40)","hookup 22 AWG solid, black",32,
39,GND,GND,tap to bus,"J5.DIR (23,32)","GND bus at (23,40)","hookup 22 AWG solid, black",32,
40,GND,GND,tap to bus,"JC1.GND (36,34)","GND bus at (36,40)","hookup 22 AWG solid, black",27,
41,GND,GND,tap to bus,"U11.GND (14,35)","GND bus at (14,40)","hookup 22 AWG solid, black",25,
42,GND,GND,tap to bus,"R11.2 (30,35)","GND bus at (30,40)","hookup 22 AWG solid, black",25,
43,GND,GND,tap to bus,"TP1G.1 (19,36)","GND bus at (19,40)","hookup 22 AWG solid, black",22,
44,GND,GND,tap to bus,"U4.GND (22,36)","GND bus at (22,40)","hookup 22 AWG solid, black",22,
45,GND,GND,tap to bus,"JC2.GND (36,38)","GND bus at (36,40)","hookup 22 AWG solid, black",17,
46,VIN_F,VM,wire,"F1.2 (10,4)","D1.A (12,4)","hookup 22 AWG solid, red",17,
47,VIN_RAW,VM,wire,"J1.+ (3,4)","F1.1 (8,4)","hookup 22 AWG solid, red",25,
48,VM,VM,tap to bus,"D1.K (17,4)","VM bus at (17,7)","hookup 22 AWG solid, red",20,
49,VM,VM,tap to bus,"D2.K (14,8)","VM bus at (14,7)","hookup 22 AWG solid, red",15,
50,VM,VM,tap to bus,"R4.1 (3,11)","VM bus at (3,7)","hookup 22 AWG solid, red",22,
51,VM,VM,tap to bus,"TP1V.1 (19,38)","VM bus at (19,7)","hookup 22 AWG solid, red",91,
52,+5V,5V,tap to bus,"U3.IN (23,10)","+5V bus at (25,7)","hookup 22 AWG solid, orange",25,
53,+5V,5V,tap to bus,"U14.VCC (28,14)","+5V bus at (28,7)","hookup 22 AWG solid, orange",30,
54,+5V,5V,tap to bus,"U15.VCC (34,14)","+5V bus at (34,7)","hookup 22 AWG solid, orange",30,
55,+3V3,3V3,tap to bus,"U3.OUT (22,10)","+3V3 bus at (22,12)","hookup 22 AWG solid, yellow",17,
56,+3V3,3V3,tap to bus,"U1.VBAT (16,17)","+3V3 bus at (16,12)","hookup 22 AWG solid, yellow",25,
57,+3V3,3V3,tap to bus,"U1.VDD (17,18)","+3V3 bus at (17,12)","hookup 22 AWG solid, yellow",27,
58,+3V3,3V3,link (bend the lead / short bridge),"C9.2 (18,18)","U1.VDD (17,18)",bare lead / short wire,0,
59,+3V3,3V3,tap to bus,"R7.2 (24,20)","+3V3 bus at (26,20)","hookup 22 AWG solid, yellow",17,
60,+3V3,3V3,tap to bus,"JP1.2 (22,21)","+3V3 bus at (26,21)","hookup 22 AWG solid, yellow",22,
61,+3V3,3V3,wire,"C11.2 (3,23)","U1.VDDA (4,26)","hookup 22 AWG solid, yellow",22,
62,+3V3,3V3,link (bend the lead / short bridge),"U1.VREF+ (4,25)","U1.VDDA (4,26)",bare lead / short wire,0,
63,+3V3,3V3,tap to bus,"R8.2 (24,25)","+3V3 bus at (26,25)","hookup 22 AWG solid, yellow",17,
64,+3V3,3V3,wire,"C7.2 (3,26)","U1.VDD (4,29)","hookup 22 AWG solid, yellow",22,
65,+3V3,3V3,tap to bus,"U1.VDDA (4,26)","+3V3 bus at (4,33)","hookup 22 AWG solid, yellow",30,
66,+3V3,3V3,tap to bus,"J4.3V3 (19,27)","+3V3 bus at (19,33)","hookup 22 AWG solid, yellow",27,
67,+3V3,3V3,tap to bus,"R9.1 (21,27)","+3V3 bus at (26,27)","hookup 22 AWG solid, yellow",25,
68,+3V3,3V3,tap to bus,"R10.1 (22,27)","+3V3 bus at (26,27)","hookup 22 AWG solid, yellow",22,
69,+3V3,3V3,tap to bus,"U1.VDD (4,29)","+3V3 bus at (4,33)","hookup 22 AWG solid, yellow",22,
70,+3V3,3V3,tap to bus,"U1.VDD (16,30)","+3V3 bus at (16,33)","hookup 22 AWG solid, yellow",20,
71,+3V3,3V3,link (bend the lead / short bridge),"C8.2 (16,31)","U1.VDD (16,30)",bare lead / short wire,0,
72,+3V3,3V3,tap to bus,"J5.3V3 (19,32)","+3V3 bus at (19,33)","hookup 22 AWG solid, yellow",15,
73,+3V3,3V3,tap to bus,"U4.VCC (22,37)","+3V3 bus at (22,33)","hookup 22 AWG solid, yellow",22,
74,PH_A,PHASE,wire,"TP1A2.1 (30,26)","J21.A (36,42)","hookup 22 AWG solid, brown",68,
75,PH_A_in,PHASE,wire,"U11.M1 (11,42)","TP1A.1 (28,26)","hookup 22 AWG solid, brown",96,
76,PH_B,PHASE,wire,"TP1B2.1 (36,26)","J21.B (36,44)","hookup 22 AWG solid, brown",58,
77,PH_B_in,PHASE,wire,"U11.M2 (12,42)","TP1B.1 (34,26)","hookup 22 AWG solid, brown",109,
78,PH_C,PHASE,wire,"U11.M3 (13,42)","J21.C (36,46)","hookup 22 AWG solid, brown",81,
79,PWM_A,PWM,wire,"U1.PA8 (10,30)","U11.IN1 (10,35)","wire-wrap 30 AWG, green",25,
80,PWM_B,PWM,wire,"U1.PA9 (11,30)","U11.IN2 (11,35)","wire-wrap 30 AWG, green",25,
81,PWM_C,PWM,wire,"U1.PA10 (12,30)","U11.IN3 (12,35)","wire-wrap 30 AWG, green",25,
82,DRV_EN,CTRL,wire,"U1.PA5 (4,18)","U11.EN (13,35)","wire-wrap 30 AWG, violet",78,
83,NRST,CTRL,wire,"C14.2 (8,16)","SW1.A2 (8,13)","wire-wrap 30 AWG, violet",20,
84,NRST,CTRL,wire,"U1.NRST (10,17)","C14.2 (8,16)","wire-wrap 30 AWG, violet",20,
85,NRST,CTRL,wire,"J4.NRST (19,30)","U1.NRST (10,17)","wire-wrap 30 AWG, violet",68,
86,nFAULT,CTRL,wire,"U1.PB12 (6,30)","U11.nFT (10,36)","wire-wrap 30 AWG, violet",37,
87,SCL,I2C,wire,"U1.PA15 (17,27)","R9.2 (21,31)","wire-wrap 30 AWG, blue",32,
88,SCL,I2C,link (bend the lead / short bridge),"R9.2 (21,31)","J5.SCL (21,32)",bare lead / short wire,0,
89,SDA,I2C,wire,"U1.PB7 (17,22)","R10.2 (22,31)","wire-wrap 30 AWG, blue",48,
90,SDA,I2C,link (bend the lead / short bridge),"R10.2 (22,31)","J5.SDA (22,32)",bare lead / short wire,0,
91,I_A,SENSE,wire,"R35.1 (27,11)","U1.PA0 (9,17)","wire-wrap 30 AWG, cyan",73,
92,I_A,SENSE,link (bend the lead / short bridge),"R34.1 (27,12)","R35.1 (27,11)",bare lead / short wire,0,
93,I_B,SENSE,wire,"R37.1 (33,11)","U1.PA1 (8,17)","wire-wrap 30 AWG, cyan",91,
94,I_B,SENSE,link (bend the lead / short bridge),"R36.1 (33,12)","R37.1 (33,11)",bare lead / short wire,0,
95,U14_OUT,SENSE,wire,"U14.OUT (29,14)","R34.2 (31,12)","wire-wrap 30 AWG, cyan",22,
96,U15_OUT,SENSE,wire,"U15.OUT (35,14)","R36.2 (37,12)","wire-wrap 30 AWG, cyan",22,
97,VBUS_SENSE,SENSE,link (bend the lead / short bridge),"R4.2 (7,11)","R5.1 (7,12)",bare lead / short wire,0,
98,VBUS_SENSE,SENSE,wire,"R5.1 (7,12)","U1.PA3 (6,17)","wire-wrap 30 AWG, cyan",27,
99,CANH,CAN,wire,"JC1.CANH (36,32)","JC2.CANH (36,36)","wire-wrap 30 AWG, pink",22,
100,CANH,CAN,wire,"U4.CANH (25,36)","JP2.1 (28,36)","wire-wrap 30 AWG, pink",20,
101,CANH,CAN,wire,"JP2.1 (28,36)","JC1.CANH (36,32)","wire-wrap 30 AWG, pink",42,
102,CANL,CAN,wire,"JC1.CANL (36,33)","JC2.CANL (36,37)","wire-wrap 30 AWG, pink",22,
103,CANL,CAN,wire,"U4.CANL (25,37)","R12.2 (33,37)","wire-wrap 30 AWG, pink",32,
104,CANL,CAN,wire,"R12.2 (33,37)","JC1.CANL (36,33)","wire-wrap 30 AWG, pink",30,
105,CAN_RS,CAN,link (bend the lead / short bridge),"U4.Rs (25,35)","R11.1 (26,35)",bare lead / short wire,0,
106,CAN_RX,CAN,wire,"U1.PA11 (13,30)","U4.R (22,38)","wire-wrap 30 AWG, pink",55,
107,CAN_TERM,CAN,link (bend the lead / short bridge),"JP2.2 (28,37)","R12.1 (29,37)",bare lead / short wire,0,
108,CAN_TX,CAN,wire,"U1.PA12 (14,30)","U4.D (22,35)","wire-wrap 30 AWG, pink",45,
109,ADDR0,DBG,wire,"U1.PC13 (15,17)","SW2.1 (16,16)","wire-wrap 30 AWG, grey",17,
110,ADDR1,DBG,wire,"U1.PC14 (14,17)","SW2.2 (17,16)","wire-wrap 30 AWG, grey",22,
111,ADDR2,DBG,wire,"U1.PC15 (13,17)","SW2.3 (18,16)","wire-wrap 30 AWG, grey",27,
112,ADDR3,DBG,wire,"U1.PB2 (4,23)","SW2.4 (19,16)","wire-wrap 30 AWG, grey",68,
113,BOOT0,DBG,wire,"U1.PB8 (17,21)","R6.1 (18,22)","wire-wrap 30 AWG, grey",17,
114,BOOT0,DBG,wire,"R6.1 (18,22)","JP1.1 (21,21)","wire-wrap 30 AWG, grey",22,
115,LED_FAULT,DBG,link (bend the lead / short bridge),"U1.PB9 (17,20)","D4.K (18,20)",bare lead / short wire,0,
116,LED_FAULT_A,DBG,link (bend the lead / short bridge),"D4.A (19,20)","R7.1 (20,20)",bare lead / short wire,0,
117,LED_RUN,DBG,link (bend the lead / short bridge),"U1.PB4 (17,25)","D5.K (18,25)",bare lead / short wire,0,
118,LED_RUN_A,DBG,link (bend the lead / short bridge),"D5.A (19,25)","R8.1 (20,25)",bare lead / short wire,0,
119,SWCLK,DBG,wire,"U1.PA14 (17,28)","J4.SWCLK (19,29)","wire-wrap 30 AWG, grey",20,
120,SWDIO,DBG,wire,"U1.PA13 (17,29)","J4.SWDIO (19,28)","wire-wrap 30 AWG, grey",20,
121,UART3_RX,DBG,wire,"U1.PB11 (5,30)","J8.RX (7,32)","wire-wrap 30 AWG, grey",22,
122,UART3_TX,DBG,wire,"U1.PB10 (4,27)","J8.TX (6,32)","wire-wrap 30 AWG, grey",30,
123,XIN,DBG,wire,"Y1.2 (12,16)","C12.1 (12,14)","wire-wrap 30 AWG, grey",17,
124,XIN,DBG,link (bend the lead / short bridge),"U1.PF0 (12,17)","Y1.2 (12,16)",bare lead / short wire,0,
125,XOUT,DBG,wire,"Y1.1 (11,16)","C13.2 (11,14)","wire-wrap 30 AWG, grey",17,
126,XOUT,DBG,link (bend the lead / short bridge),"U1.PF1 (11,17)","Y1.1 (11,16)",bare lead / short wire,0,
127,GND,GND,flying lead (top side),TP1G.1,U11.VIN-,"hookup 22 AWG solid, black",22,screw into the module's VIN- terminal
128,VM,VM,flying lead (top side),TP1V.1,U11.VIN+,"hookup 22 AWG solid, red",22,screw into the module's VIN+ terminal
129,PH_A_in,PHASE,flying lead (top side),TP1A.1,U14.IP+,"hookup 22 AWG solid, brown",21,screw into IP+
130,PH_A,PHASE,flying lead (top side),U14.IP-,TP1A2.1,"hookup 22 AWG solid, brown",21,screw into IP-
131,PH_B_in,PHASE,flying lead (top side),TP1B.1,U15.IP+,"hookup 22 AWG solid, brown",21,screw into IP+
132,PH_B,PHASE,flying lead (top side),U15.IP-,TP1B2.1,"hookup 22 AWG solid, brown",21,screw into IP-
